nome,email,telefone,endereco,first_name,last_name
Mary Moore,kkrause@example.net,628.909.1151x92590,"62322 Moran Estates Apt. 992, Seanborough, Il 16135",Mary,Moore
Daniel Ortega,santosshelby@example.com,(416)912-3699,"4050 Samuel Mountain, Lake Linda, La 64377",Daniel,Ortega
Timothy Thompson,toddevans@example.com,850.877.4126x7849,"434 Lee Heights Apt. 849, West Brian, Sd 01718",Timothy,Thompson
Christine Pierce,jason21@example.net,(404)202-5183,"5894 Pena Drives Apt. 437, Allenfurt, Vi 55005",Christine,Pierce
Lisa Wood,hnielsen@example.com,001-695-506-7688x2461,"59325 Tracy Pines Suite 418, North Jonathanburgh, Ct 93726",Lisa,Wood
Lisa Patterson,huntersloan@example.org,(256)348-1943x47857,"3275 Williams Skyway Suite 924, New Karen, Vi 23633",Lisa,Patterson
George Anderson,hannahford@example.org,+1-722-290-2596x032,"769 Harry Views Suite 617, Lake Christopherview, Tx 48970",George,Anderson
Darrell Thompson,mhill@example.org,(783)224-0587,"Usns Fox, Fpo Ae 53214",Darrell,Thompson
Joshua Moss,vcameron@example.com,508-968-2130x981,"Uss Ellison, Fpo Ap 83318",Joshua,Moss
April Perez,pollarderic@example.net,001-697-646-7280x5615,"874 Harper Port Suite 617, Shannontown, Ca 40663",April,Perez
Lindsay Long,hyork@example.net,001-869-459-2579x8732,"7780 Burgess Keys, South Pamchester, Fl 13173",Lindsay,Long
Christopher Jordan,donald63@example.net,371-634-4990x728,"17488 Joshua Estates, North Gabrielle, As 95517",Christopher,Jordan
Lauren Norris,gloria23@example.com,001-869-303-5116x7743,"937 Danielle Manor, Port Kim, Sc 51014",Lauren,Norris
Jared Morales,moranchad@example.net,581.735.3818,"93860 Joyce Rapid Apt. 773, West Tracy, Ar 60729",Jared,Morales
Mr. Matthew Mathews,mario74@example.com,662-654-1512,"6404 Tate Harbor Apt. 662, South Matthew, Nm 25311",Mr.,Matthew Mathews
Michelle Montgomery,franklincorey@example.net,275-470-8487x339,"41943 Johnson Expressway, Salazarmouth, Gu 59697",Michelle,Montgomery
Joseph Foster,timothystephenson@example.org,(998)423-9461x2042,"Psc 4913, Box 9785, Apo Ae 95978",Joseph,Foster
Andrew Foster,ericosborn@example.org,001-941-620-2105,"929 Hector Streets, New Janice, Ma 73175",Andrew,Foster
Bryan Smith,harry64@example.com,642.466.8683,"426 Tony Islands Suite 192, New Antonio, Al 46894",Bryan,Smith
Daniel Thompson,michelle08@example.net,001-873-738-3500x861,"76832 Gregory Haven, East Garymouth, Ma 42039",Daniel,Thompson
Mary Martin,bradleycampbell@example.com,+1-697-205-3508x479,"1596 William Flats Apt. 184, Nelsonfurt, Al 01748",Mary,Martin
Douglas Hall,carlaklein@example.org,428-809-3711x49068,"3389 Patrick Estate, Josephhaven, Ut 78340",Douglas,Hall
Julie Hogan,senglish@example.org,338.888.2755,"22288 Janice Brook Suite 473, Wheelershire, Me 34581",Julie,Hogan
Alyssa Austin,toddlori@example.net,+1-766-818-6781x4422,"18562 Boyd Drive, Port Stephanieville, Tn 97988",Alyssa,Austin
George Murray,lramsey@example.net,242.504.7142x010,"936 Donald Mills, Lake Amanda, Or 22444",George,Murray
Elizabeth Walker,perezandrew@example.org,249.813.2603x027,"2831 Marie Island Suite 467, Sarahside, Id 11759",Elizabeth,Walker
Christopher Perry,dduarte@example.org,368-978-8463x2439,"275 Wilson Mews Suite 623, South Kylefurt, Ia 79729",Christopher,Perry
Natalie Williams Dds,melissa50@example.org,848.944.7521,"343 Smith Mountains Suite 640, East Ashleyfort, Ia 88637",Natalie,Williams Dds
Ashley Greer,bdavis@example.net,(519)929-9537x49643,"92399 Stokes Mountain, Martinside, Mp 80814",Ashley,Greer
Katherine Anderson,samanthadavis@example.com,001-241-654-1107x5379,"5462 Ann Lake, Troyport, Wy 69532",Katherine,Anderson
Jacob Brown,beth49@example.com,+1-490-890-2060x58182,"392 Victoria Islands Suite 979, East Tanya, In 67014",Jacob,Brown
Ryan Pitts,bfrazier@example.org,+1-741-690-2213x6852,"1012 Williams Points, Thompsonburgh, Ne 26791",Ryan,Pitts
Crystal Coleman,thomaslisa@example.net,+1-688-773-4829,"718 Richard Mill, Haasberg, La 37028",Crystal,Coleman
David Vargas,karen59@example.org,(513)326-9685,"136 Kyle Mission, Lake Stephanieview, Ar 98720",David,Vargas
Alexander Davis,ianpeters@example.com,793.509.3535,"23840 Rebecca Harbor, Lisamouth, Pr 96153",Alexander,Davis
Erin Anderson,tracybranch@example.net,737-943-4220,"735 Quinn Pass Suite 317, Baileyton, Hi 30643",Erin,Anderson
Yolanda Bullock,ricky29@example.net,771-288-3618x71470,"3199 Stout Islands, Port Valeriehaven, Sc 88565",Yolanda,Bullock
April Thomas,crystal39@example.com,885.226.0290x31556,"8273 Jackson Parkways, Castilloshire, Wi 15382",April,Thomas
Ashley Haney,shahsusan@example.com,274-474-1738,"64588 Vazquez Trace Apt. 886, Johnburgh, In 85784",Ashley,Haney
Robert Morgan,amoore@example.com,+1-604-627-6204x006,"Psc 5761, Box 7889, Apo Ap 08029",Robert,Morgan
Robin Weaver,bnichols@example.com,(719)867-6546x3758,"885 Michael Haven Suite 827, New Maryside, Mp 40821",Robin,Weaver
Roger Hernandez,cblackwell@example.org,+1-579-828-3524x7652,"7316 Rebecca Ford, West Nicoleville, Me 52847",Roger,Hernandez
Kelsey Flores,jodi50@example.org,986.413.9766,"6821 Johnson Station, Morrisside, Vi 55907",Kelsey,Flores
John Arias,sbeard@example.com,612-998-2699,"98135 Donaldson Street Suite 069, South Scottborough, Ut 77176",John,Arias
Nichole Johnston,philipmoore@example.org,(910)871-0057,"538 Tammy Shores Suite 340, North Veronica, Sc 29669",Nichole,Johnston
Laura Horn,davidharris@example.net,+1-508-844-1176x7093,"385 Scott Spur, Lake Monicaton, Nh 64851",Laura,Horn
John Sanders,robert36@example.net,(945)634-8352x7629,"3898 Henderson Plains, Bowmanland, Me 32948",John,Sanders
Cheryl Nelson,kelseygates@example.org,276.561.5124x4870,"1991 Hines Camp, Lake Kelly, Ak 82498",Cheryl,Nelson
Richard Ramos,robert70@example.net,480.797.5679x254,"391 Thompson Spur Apt. 389, East Teresa, Mh 35164",Richard,Ramos
Lisa Mathis,pmorrison@example.com,5116224432,"91773 Adam Mews, Port Annettemouth, Ky 09077",Lisa,Mathis
Mary Thompson,danielleyates@example.com,(347)879-6248,"935 Jacqueline Springs Suite 472, Jenniferhaven, Oh 23306",Mary,Thompson
Colleen Miller,hunter91@example.com,526.320.1494x663,"Psc 6262, Box 3888, Apo Aa 35700",Colleen,Miller
Amanda Higgins,jeancooper@example.com,522.607.7085,"033 Michelle Way Apt. 094, Amyside, Ak 44047",Amanda,Higgins
Angela Maxwell,willisjulia@example.com,239.991.9384x1602,"Psc 3788, Box 0927, Apo Ap 04032",Angela,Maxwell
William Lawson,tarmstrong@example.net,794.631.0467,"665 Barajas Coves Suite 870, Lisaton, In 79417",William,Lawson
Samuel Knox,omassey@example.net,995.424.9927x901,"6386 Reynolds Center Apt. 293, Melissaton, Oh 77835",Samuel,Knox
John Gardner,bpatterson@example.net,8164466724,"302 Berry Shoals, North Jenniferside, In 49064",John,Gardner
Jordan Brown,danielmorrison@example.net,988.922.7798,"8564 Jessica Mission Apt. 513, New Victorburgh, Ms 48302",Jordan,Brown
Matthew Walker,andrealarsen@example.net,(695)607-1332x5163,"Unit 5971 Box 7826, Dpo Aa 56431",Matthew,Walker
Alexis Brooks,bhanson@example.org,854.355.9809x0109,"710 Leslie Rest Apt. 756, South Diana, Il 86884",Alexis,Brooks
Crystal Turner,benjaminortiz@example.org,274.841.2462x0274,"8631 Wiggins Summit, New Maria, Mo 17226",Crystal,Turner
Patricia Valentine,boyerdavid@example.org,(514)371-6718x222,"479 Joshua Gardens, Pamelachester, Ny 48545",Patricia,Valentine
Melanie Allen,kentanthony@example.org,(961)663-2522,"501 Green Hill, New Nicholas, Vi 69436",Melanie,Allen
Jason Williams,ngonzalez@example.com,+1-312-858-2237x9707,"671 Fields Ranch, Kruegerville, Vi 99699",Jason,Williams
Kristen Clark,hjones@example.org,942.444.4016x6652,"0031 Debra Ramp Apt. 929, Kingstad, Wi 92971",Kristen,Clark
Kathryn Rivera,sydneywade@example.org,+1-718-513-9153x24681,"72352 Heather Harbors, Pierceborough, Pa 53343",Kathryn,Rivera
Heather Parsons,evazquez@example.net,453.307.0806,"0081 David Gateway Suite 920, Lake Ginafort, Nm 03933",Heather,Parsons
Kayla Parks,rebeccalandry@example.net,001-838-288-0940x913,"3031 Susan Locks, West Carloschester, Mi 58952",Kayla,Parks
Casey Dunlap,scott98@example.com,8922672424,"90059 Cindy Forks, Kochview, Ok 32124",Casey,Dunlap
Gavin Chaney,parkermatthew@example.com,537.822.2831,"78548 Jason Alley, Newtonmouth, Me 29661",Gavin,Chaney
Terry Harrison,mooresarah@example.org,368.510.5723x567,"20598 Jennifer Centers Suite 865, Port Beverly, Wy 77353",Terry,Harrison
James Hernandez,clarkcrystal@example.net,(279)780-9368x229,"Usnv Hughes, Fpo Ap 25929",James,Hernandez
Kara Hahn,lorianderson@example.com,4997449603,"5294 Meghan Islands Suite 521, Valerieside, Co 58928",Kara,Hahn
Henry Henry,zjimenez@example.org,(811)254-5232x060,"3657 Ramos Loop Suite 257, West Jessica, Mh 02227",Henry,Henry
Regina Young,leroy51@example.net,001-373-382-6060,"44547 Hines Mountains Apt. 149, Port Brandi, Az 18157",Regina,Young
Kyle Austin,rlarsen@example.com,001-504-285-2045x9193,"9603 Donaldson Key Suite 149, Robertsborough, Or 79275",Kyle,Austin
Michelle Peters,vickibuchanan@example.com,7639201909,"Uss Jones, Fpo Aa 59681",Michelle,Peters
Kristin Rasmussen,crivera@example.org,8924331690,"5938 Cruz Underpass Apt. 112, South James, Vi 91009",Kristin,Rasmussen
John Jennings,duranrobin@example.net,714-217-1183x53183,"15006 Harris Plain, East Julia, Ne 37114",John,Jennings
Kelli Bray,andrewwilliams@example.net,+1-500-827-3301x9965,"48397 Schultz Estates, East Sue, Mp 72118",Kelli,Bray
Jennifer Cruz Md,matthewjohnson@example.com,(523)870-4853x44636,"81529 Brett Prairie Apt. 929, Andrewville, Mn 59394",Jennifer,Cruz Md
Jacqueline Phillips,julia91@example.com,300-999-5902,"0456 Cohen Dale Apt. 539, Brianside, Nj 43719",Jacqueline,Phillips
Kathy Lewis,ccortez@example.com,+1-312-990-7972x206,"1191 Holt Manors Suite 058, North Jamesstad, Pw 11527",Kathy,Lewis
Victoria Hardy,joshua35@example.net,001-216-908-9781x055,"36035 William Centers, Sylviaville, Ct 50740",Victoria,Hardy
James Hansen Md,navarrorobert@example.com,7422698810,"6681 Nicholas Mews, Pageberg, Vt 78602",James,Hansen Md
Alexander Bernard,ahanson@example.org,(878)793-3268x88166,"604 Philip Manor, East Karenburgh, Al 24177",Alexander,Bernard
Michelle Thompson,juliewatts@example.com,836.332.3473,"8031 Price Throughway Suite 114, Oconnellton, Mo 40106",Michelle,Thompson
Maria Barnett,mcortez@example.org,2405874494,"33300 James Key, Sabrinabury, Hi 63512",Maria,Barnett
Robin Nguyen,brendamartinez@example.com,942-750-2238,"45789 Ashley Ridges Suite 008, East Brookehaven, Fl 76386",Robin,Nguyen
Brenda Lambert,gmoss@example.com,(498)839-7445x8571,"3615 Shawn Harbors, Spencerhaven, Ri 22003",Brenda,Lambert
Christopher Long,amber92@example.net,(522)867-0866x0333,"53744 Matthew Extensions Apt. 391, Lake Jessicastad, Wy 43317",Christopher,Long
Steven Hogan,jgeorge@example.com,307.380.3343,"913 Garcia Mount Apt. 741, Rickyside, De 42754",Steven,Hogan
Jessica Butler,petersonstephanie@example.com,767-527-9017x918,"15404 Ward Prairie, North Laura, Mn 20036",Jessica,Butler
Linda Nelson,paulwilson@example.net,298-724-2069,"0457 Matthew Path Suite 100, Port Bradley, Id 08680",Linda,Nelson
Keith Mason,holtbrian@example.com,510.595.6715,"Psc 5956, Box 6577, Apo Ap 71709",Keith,Mason
Dana Jones,larry90@example.org,+1-446-639-1338x963,"873 Mariah Vista Suite 313, West Charlesfurt, Fm 23211",Dana,Jones
Melissa Sutton,gloria61@example.org,+1-333-668-7392x380,"Unit 4771 Box 7103, Dpo Ae 55928",Melissa,Sutton
Allison Roman Md,kimberlywhite@example.com,8525387685,"1681 Matthew Divide Suite 479, North Brittany, Ks 12586",Allison,Roman Md
Renee Scott,erin96@example.com,346.705.0380x34374,"8876 Deborah Crest, Dannyhaven, Md 18029",Renee,Scott
Adam Ross,faith57@example.com,+1-960-522-5377x0870,"48918 Parrish Extensions, South Christinaside, Wy 18853",Adam,Ross
