nome,email,telefone,endereco,first_name,last_name
Danielle Johnson,jeffreydoyle@hotmail.com,001-819-600-1338x9083,"79402 Peterson Drives Apt. 511, Davisstad, KS 06196",Danielle,Johnson
Jessica Herrera,arnoldmaria@hotmail.com,(931)034-1316x475,"41928 Frank Light Suite 835, East Lydiamouth, KY 09176",Jessica,Herrera
Jason Hahn,dianafoster@hotmail.com,242.388.4969x653,"Unit 2871 Box 0122, DPO AP 55834",Jason,Hahn
Candace Cruz,tasha01@hotmail.com,+1-451-462-7048,"489 Eric Track, New Stephanie, AL 79005",Candace,Cruz
Mario Smith,john39@gmail.com,718-227-8248,"83465 Lam Mission Apt. 331, Andrewside, OR 29365",Mario,Smith
Adrian Zimmerman,carlosjohnson@jones-young.info,829.973.7631,"6670 Bruce Stream Suite 133, New Shane, HI 37010",Adrian,Zimmerman
Steven Baxter,jmorton@williams.com,326-773-6026,"7468 Moore Hill Apt. 098, Lake Leeton, NJ 66410",Steven,Baxter
Samantha Schmidt,yorkcasey@leonard.biz,939-909-1699,"53462 Bryant Terrace Apt. 079, North Amandahaven, DC 46246",Samantha,Schmidt
Nicole Suarez,eric84@hotmail.com,+1-808-412-4118x2449,"48740 Cynthia Village Suite 005, Lake Tina, WA 58413",Nicole,Suarez
Andrea Patterson,jonesnicole@gardner.org,+1-262-045-0533,"692 Michelle Union Apt. 602, Kimberlychester, TN 96846",Andrea,Patterson
Lisa Adams,ebrennan@gonzalez.com,330-365-4145x8685,"USS Wiley, FPO AA 23906",Lisa,Adams
Beverly Terrell,carlsonmichael@graham-joyce.com,(934)060-8835x6159,"484 Nguyen Square, Angelaborough, TN 50196",Beverly,Terrell
Erica Orr,akelley@yahoo.com,369-957-7738x7214,"34332 Brandon Mountains Apt. 769, Lake Heather, MO 32480",Erica,Orr
Dylan Watts,zrobinson@holmes.com,278.895.7986x872,"4348 Sims Harbor Suite 143, Matthewside, DC 20270",Dylan,Watts
Jesse Benson,perrymark@perry-clark.biz,(909)670-5466x8893,"7065 Ramsey Ville Suite 298, South Brittanytown, SD 56680",Jesse,Benson
Derek Murray,nicholas37@rogers-hobbs.com,001-641-708-0531x00330,"71937 Wang Expressway, Port Loriport, OR 03866",Derek,Murray
Sarah Johnston,mdavid@gmail.com,001-314-919-0586,"506 Garcia Lake, Zimmermanchester, VA 68887",Sarah,Johnston
Tammy Nelson,ugraham@hotmail.com,531-473-7996x507,"3545 Beard Squares, Angelahaven, CO 32136",Tammy,Nelson
Jennifer Freeman,fbrewer@mcguire-davis.com,(349)578-8568x5574,"35182 Javier Orchard, Jennyhaven, LA 13677",Jennifer,Freeman
Marissa Phillips,kevinerickson@gmail.com,008-427-1094x777,"7116 Jones Roads, East Edwardshire, CO 33031",Marissa,Phillips
David Duran,chayes@dalton-branch.com,001-909-133-4123,"06797 Johnson Heights, Jacquelinemouth, TX 31096",David,Duran
Sandra French,owilson@hernandez.com,(499)471-7464,"1906 Munoz Burg Apt. 399, Port Emilyview, AZ 99626",Sandra,French
Gregory Stone,howard96@hotmail.com,175.655.1256x7468,"4516 Diane Plains, Gutierrezborough, MN 82110",Gregory,Stone
Katherine Garrett,josephanderson@kim-wolfe.com,9324808613,"Unit 1712 Box 7484, DPO AA 63743",Katherine,Garrett
Tina Sanchez,mlee@francis.biz,840-449-9727x87558,"5339 Hall Trail Suite 057, Hughesberg, AZ 17048",Tina,Sanchez
Wayne Lawrence,dgarcia@bowen.com,745-961-5865,"091 Crystal Heights Apt. 161, South Garrettport, AK 06529",Wayne,Lawrence
Mark Brown,ryan38@yahoo.com,001-222-196-9379,"474 Rachel Mountain Suite 821, Landryshire, SC 56116",Mark,Brown
Hannah Bryant,yvonnecastaneda@gmail.com,695.944.0640,"743 Robinson Field, Ericaberg, CT 82743",Hannah,Bryant
Debbie Parker,rileyjessica@gmail.com,562-328-5884x2474,"71236 Davis Locks Apt. 481, Richardsonview, MS 84196",Debbie,Parker
Shelby Rodriguez,jjohnson@herman-walker.com,+1-746-120-0471x1382,"869 Nicole Shoal Apt. 796, Antoniostad, NV 58788",Shelby,Rodriguez
Stephanie Foley,amy50@hill-donaldson.info,390-053-2931,"335 Kristina Ranch, West Micheleberg, ND 33354",Stephanie,Foley
Lauren Rodriguez,alexistyler@chapman.com,026-811-7758x917,"847 Bruce Neck, Simmonsville, VT 58639",Lauren,Rodriguez
Charles Miller,martinezclaudia@kelley.net,789-611-8367x3657,"6545 Gloria Mountains, North Marieland, CT 98095",Charles,Miller
Joanne Cain,elizabeth65@pugh.com,945-198-3273x1585,"368 Chelsea Shoals Suite 024, Sandrastad, HI 19277",Joanne,Cain
Ashley Morales,davisalyssa@barnes-peterson.com,599-102-2901x4767,"3815 Rodriguez Springs Suite 840, South Tracey, AL 27295",Ashley,Morales
Kevin Clark,keith10@burgess-thompson.biz,+1-388-516-0607,"PSC 5969, Box 6641, APO AA 03234",Kevin,Clark
Tammy Jackson,christopher13@yahoo.com,001-681-645-3521,"835 Luna Viaduct, East Curtis, ID 23241",Tammy,Jackson
Carrie Wolf,stephanieburton@webster-wolf.info,+1-995-527-1774x49058,"0054 Deanna Walk Apt. 998, Fordside, WA 05877",Carrie,Wolf
Shannon Pacheco,cassidy82@hayes.com,203.778.8925x54665,"515 Angela Lights, Johnathanberg, CO 76881",Shannon,Pacheco
Elizabeth Rangel,tanderson@gmail.com,865-281-6850x5423,"32214 William Plains Apt. 592, Mooreburgh, UT 82386",Elizabeth,Rangel
Lisa Martin,jenkinserica@gmail.com,947.383.4735x977,"862 Laurie Dam Suite 075, Lake Meghanville, CO 21513",Lisa,Martin
Joshua Whitehead,odavis@wilkerson-arias.biz,6853615305,"USNV Moody, FPO AE 05521",Joshua,Whitehead
Justin Gallegos,awest@smith.com,+1-986-143-4103,"17980 Jennifer Highway Suite 095, New Robert, TN 11722",Justin,Gallegos
Alexandra Ward,cmarks@hughes.com,531-952-0585,"772 Bryan Trail, Johnsonborough, WY 26645",Alexandra,Ward
Nina Stewart,ihays@yahoo.com,034-505-4156x676,"7584 Jessica Common, Morrisonburgh, LA 42602",Nina,Stewart
Curtis Murphy,sean62@hotmail.com,570.596.4016x582,"USNS Allison, FPO AP 57933",Curtis,Murphy
Austin Jones,patrick90@hotmail.com,(755)719-2856,"10278 Mcintyre Crest Suite 473, Heatherfort, DE 18291",Austin,Jones
Melissa Hayes,cochrantammy@yahoo.com,+1-518-844-2258x31323,"8957 Cheryl Corners, West Raymondfort, MT 54166",Melissa,Hayes
Madeline Jones,coleerin@yahoo.com,(892)268-0182,"3584 John Roads, Davidport, ND 12746",Madeline,Jones
Wayne Jackson,donnale@morgan.com,094-396-9078,"3647 Haley Estate Suite 677, West Catherine, VT 42354",Wayne,Jackson
Jessica Valencia,kathleenrobertson@gmail.com,371-473-2104x69632,"27877 Jimenez Course Suite 873, New Michael, LA 65367",Jessica,Valencia
Carla Cameron,amanda16@gmail.com,565-060-9835x841,"499 David Court Suite 558, Kariborough, NY 53111",Carla,Cameron
Vincent Williams,linda87@obrien.com,952-694-9588x87947,"1694 Candice Greens Apt. 097, New Cristina, WI 50333",Vincent,Williams
Dylan Becker,leescott@hernandez-vaughn.biz,970.283.8578x65278,"497 Susan Harbors Suite 344, Lake Janet, NJ 46219",Dylan,Becker
Ann Michael,david86@yahoo.com,(240)415-7473x384,"USNV Taylor, FPO AP 97611",Ann,Michael
Brenda Sanchez,briangutierrez@kennedy.net,(677)345-4019,"62067 Sharon Well, Nancytown, OK 79508",Brenda,Sanchez
Daniel Bird,ihays@hotmail.com,287.431.5274x2054,"96685 Richard Court, East Thomas, AL 34682",Daniel,Bird
Patrick Griffin,kevin90@yahoo.com,+1-530-174-2684x1459,"2795 Miles Mountains, Port John, PA 11231",Patrick,Griffin
Alicia Rice,starkdaniel@hotmail.com,398.225.8713x97187,"86790 Chambers Inlet Apt. 640, New Charles, MI 92301",Alicia,Rice
Bryce Mcknight,ajohnson@mack.biz,(676)618-2512x868,"04786 Morrow Gateway, Reedview, VA 15291",Bryce,Mcknight
Antonio Keller,jamiegarcia@griffin.com,067.383.0284,"953 Walter Shore Apt. 644, New Stacyburgh, TX 56495",Antonio,Keller
Angela Williams,ufloyd@hotmail.com,(624)628-7334x27086,"Unit 8826 Box 3435, DPO AP 10864",Angela,Williams
Sandra Boone,brettbennett@morrison.org,001-837-354-0331x7393,"546 Ferguson Knolls, Josehaven, NM 61581",Sandra,Boone
Corey Zavala,robin55@yahoo.com,9320489964,"69378 Scott View Suite 772, Garyside, HI 71559",Corey,Zavala
Veronica Bernard,landryelizabeth@gutierrez.com,203-875-0997,"88600 Nichols Heights, New Lisachester, HI 14527",Veronica,Bernard
Samantha Warren,christineking@adams-sanders.com,(793)341-0166x6870,"76591 Jerry Ways, Nelsonland, KY 71677",Samantha,Warren
Anna Johnson,alibrenda@hotmail.com,(142)939-6856x2185,"15999 Novak Islands Apt. 477, West Angela, NE 24846",Anna,Johnson
Erin Guerrero,lauren11@moore-dawson.com,001-655-110-4754x1212,"01581 Shields Bridge Suite 661, New Adriana, MS 22717",Erin,Guerrero
Dominic Turner,bryanhamilton@yahoo.com,715-437-9937x1240,"USNV Skinner, FPO AA 43694",Dominic,Turner
Scott Jordan,malik37@thompson-sanders.com,793-564-6519x3982,"737 Guerra Cliff, Chambersberg, ME 32223",Scott,Jordan
Johnny Moore,mjones@yahoo.com,001-688-680-5891,"529 Anna Rue, Rasmussenmouth, NE 14387",Johnny,Moore
Alex Green,dbrooks@chapman.com,146.112.5457x3875,"751 Williams Station Apt. 051, Lake John, OH 21490",Alex,Green
Mark Simmons,laurensoto@gmail.com,+1-660-937-9660x3341,"5371 Lambert Overpass, Candicefurt, DE 46104",Mark,Simmons
Michael Ellis,samantha91@anderson.com,(286)692-9662x782,"2257 Michelle Branch Suite 236, Ortizfort, VT 58677",Michael,Ellis
Tracy Miller,kellyhill@roberts.info,+1-819-148-5807,"34074 Atkins Corners Suite 133, Michellechester, RI 18750",Tracy,Miller
Kristen Li,amanda98@morris.com,948-126-0422x3253,"2946 Hayes Roads Apt. 684, Shawnfort, OR 00825",Kristen,Li
Misty Boone,sreid@horn-flynn.biz,637.454.5892,"0017 David Walks Apt. 770, Harrisberg, SD 40067",Misty,Boone
Erik Cantu,penajohn@yahoo.com,+1-206-436-1103x71293,"05162 Jones Lights Apt. 115, Nicoleberg, WI 99218",Erik,Cantu
Nancy May,morenoalan@martin.com,(973)112-1965x65234,"999 Maxwell Spurs, Port Melanieport, NC 80052",Nancy,May
William Adkins,bowerslaura@gmail.com,613.791.8055x2696,"1091 Jose Canyon, Port Raymondport, VT 66174",William,Adkins
Katie Henderson,davidsonamanda@gmail.com,141-832-8569x146,"31617 Kyle Streets, North Alexander, UT 01988",Katie,Henderson
Frank Benton,nathanbrady@yahoo.com,001-105-648-1491x7785,"2419 Jeremy Pass, North Micheletown, AZ 62336",Frank,Benton
Michael Mora,tranrobin@rios.com,195-180-2380x617,"1870 Gonzalez Port Suite 937, Brittanyfort, WI 26115",Michael,Mora
Jessica Payne,adamortiz@weaver.com,064-138-3670x24103,"PSC 8657, Box 1918, APO AE 84022",Jessica,Payne
Lori Jones,ibates@carter.biz,001-557-431-3291x212,"1853 Parker Greens Apt. 124, East Marymouth, CO 93713",Lori,Jones
John Kelly,jorge20@bond-hawkins.net,171.210.0323,"199 Lowery Club Apt. 137, North Rebecca, MA 16560",John,Kelly
Brad Murray,zunderwood@johnson-vega.com,(324)472-0999x347,"14626 Dawn Union Apt. 806, Timothyfort, OK 66350",Brad,Murray
Marc Nelson,carla04@stokes.net,(932)133-4803x965,"USNS Thompson, FPO AP 42182",Marc,Nelson
Linda Wolfe,stacey92@vaughan.info,+1-427-010-3930,"9325 Samantha Vista, Brianberg, VT 19067",Linda,Wolfe
Kim Mathis,brookssheri@yahoo.com,001-154-522-6752,"92644 Gregory Alley Suite 902, Samanthabury, OK 14146",Kim,Mathis
Sharon Taylor,michaelflores@mcclure.com,043.315.4100x676,"Unit 6765 Box 8617, DPO AP 85824",Sharon,Taylor
Katherine Perez,lloydarthur@gmail.com,411-526-2181x59970,"620 Mark Field, Terryside, TN 37400",Katherine,Perez
Kenneth Davis,xhernandez@gmail.com,(149)731-0324x17146,"86256 Lopez Cape Suite 774, Port Joseph, FL 99097",Kenneth,Davis
Heather Davis,larellano@gmail.com,+1-068-687-9374,"989 David Throughway, Thompsonburgh, ID 17040",Heather,Davis
Brad Miller,wendyburton@hotmail.com,511-686-8548x709,"62299 Sara Port Apt. 485, Bakerfort, PA 62504",Brad,Miller
Benjamin Hill,vwilliams@young.com,5444713247,"6913 Lewis View Suite 785, New Laceyland, VT 66927",Benjamin,Hill
Richard Deleon,jameswhitaker@wright.com,(345)786-1035x797,"855 Mary Green Apt. 406, East Melissaborough, IN 85354",Richard,Deleon
Jeffrey Clark,hancocktammy@hotmail.com,7229034944,"7437 Byrd Views Suite 910, Annaport, TX 14670",Jeffrey,Clark
Timothy Rogers,michelle44@gmail.com,(830)965-2074,"6099 Matthew Station Apt. 875, Meganside, LA 13294",Timothy,Rogers
Thomas Figueroa,destiny35@garner.biz,549-471-7099x91738,"460 Derrick Flats Suite 697, West Michelle, WI 11093",Thomas,Figueroa
